user_id,name,email_address,contact_number,location,skillset,joined_date,hourly_usd
CBX-77,AARAV SHARMA,Aarav.Sharma@Gmail.com,9876543210,mumbai,Python; SQL; ETL,2024-01-10,6
CBX-78,Priya  Nair,priyanair@gmail.com,098450 12345,Bangalore,React; Node.js; JavaScript,"January 5, 2024",8
CBX-79,Mohd Iqbal,iqbal.m@outlook.com,9900011223,Hyderabad,n8n; make; automation,2024-02-01,7.5
CBX-80,Divya Menon,divya.menon@gmail.com,9700088776,   ,,2024-03-12,5
CBX-81,Nair Vishnu,vishnu.nair@gmail.com,9812345678,Kochi,Data; Python,2024-02-15,6.5
CBX-82,Rahul Bose,rahul.bose@gmail.com,9765432101,Kolkata,Design; Figma,2024-03-01,not disclosed
CBX-83,rahul bose ,rahul.bose@gmail.com,9765432101,kolkata,design; figma,2024-03-01,5.5
CBX-84,Sneha Joshi,shared.family@gmail.com,9820099999,Mumbai,HR; Recruiting,2024-03-20,6
CBX-85,Tara Singh,tara.singh@gmail.com,+919811100011,Delhi,Marketing; SEO; Content,2024-04-02,7
